sku_id,m5_item_id,sku_name,category,department,base_sell_price,unit_cost,gross_margin_rate,preferred_supplier_id,moq,batch_order_multiple,fixed_ordering_cost,total_revenue,total_cogs,total_units,mean_daily_demand,std_daily_demand,zero_demand_days,total_days,zero_demand_ratio,cv,cum_revenue,cum_revenue_pct,abc_class,xyz_class,abc_xyz_segment
SKU-001,FOODS_1_086,FOODS_1_086,FOODS,FOODS_1,1.68,1.21,0.28,SUP-002,96,24,75.0,10751.26,7393.1,6110,2.7899543378995433,3.6867633910042095,1068,2190,0.4877,1.3214,325417.66000000003,0.6738,A,Z,AZ
SKU-002,FOODS_2_065,FOODS_2_065,FOODS,FOODS_2,0.95,0.68,0.28,SUP-003,96,24,75.0,5564.16,3930.4,5780,2.6392694063926943,2.799776701845444,564,2190,0.2575,1.0608,416820.65,0.863,B,Z,BZ
SKU-003,FOODS_3_816,FOODS_3_816,FOODS,FOODS_3,0.2,0.5,0.28,SUP-001,96,24,75.0,1576.38,3950.0,7900,3.6073059360730593,5.870394128960925,928,2190,0.4237,1.6274,477200.06000000006,0.9881,C,Z,CZ
SKU-004,FOODS_3_441,FOODS_3_441,FOODS,FOODS_3,6.61,4.76,0.28,SUP-002,48,12,75.0,44128.0,31059.0,6525,2.9794520547945207,6.387876656477975,1556,2190,0.7105,2.144,111811.06,0.2315,A,Z,AZ
SKU-005,FOODS_3_099,FOODS_3_099,FOODS,FOODS_3,2.5,1.8,0.28,SUP-003,96,24,75.0,67683.06,48659.4,27033,12.343835616438357,7.300697156921187,59,2190,0.0269,0.5914,67683.06,0.1401,A,Y,AY
SKU-006,FOODS_3_755,FOODS_3_755,FOODS,FOODS_3,1.05,0.76,0.28,SUP-001,96,24,75.0,8948.78,6810.36,8961,4.0917808219178085,5.490493967630406,859,2190,0.3922,1.3418,352920.9800000001,0.7307,A,Z,AZ
SKU-007,FOODS_3_372,FOODS_3_372,FOODS,FOODS_3,3.28,2.36,0.28,SUP-002,96,24,75.0,21966.16,15804.92,6697,3.0579908675799086,2.6229157715663582,419,2190,0.1913,0.8577,211306.62,0.4375,A,Y,AY
SKU-008,FOODS_2_359,FOODS_2_359,FOODS,FOODS_2,1.96,1.41,0.28,SUP-003,96,24,75.0,8520.74,5927.64,4204,1.919634703196347,2.8750319844696377,1114,2190,0.5087,1.4977,361441.7200000001,0.7484,A,Z,AZ
SKU-009,FOODS_3_079,FOODS_3_079,FOODS,FOODS_3,5.98,4.31,0.28,SUP-001,48,12,75.0,22490.780000000002,16209.91,3761,1.717351598173516,2.442209216308414,1058,2190,0.4831,1.4221,189340.46,0.392,A,Z,AZ
SKU-010,FOODS_3_505,FOODS_3_505,FOODS,FOODS_3,3.48,2.51,0.28,SUP-002,96,24,75.0,18363.96,12999.289999999999,5179,2.364840182648402,2.294201152538058,442,2190,0.2018,0.9701,288650.16000000003,0.5977,A,Z,AZ
SKU-011,FOODS_1_118,FOODS_1_118,FOODS,FOODS_1,0.98,0.71,0.28,SUP-003,96,24,75.0,1870.82,1355.3899999999999,1909,0.871689497716895,1.4406080813549094,1316,2190,0.6009,1.6527,473988.9600000001,0.9814,C,Z,CZ
SKU-012,FOODS_1_166,FOODS_1_166,FOODS,FOODS_1,2.16,1.56,0.28,SUP-001,96,24,75.0,7844.4800000000005,5463.12,3502,1.5990867579908676,2.191598869981783,1090,2190,0.4977,1.3705,385388.10000000003,0.798,A,Z,AZ
SKU-013,FOODS_1_180,FOODS_1_180,FOODS,FOODS_1,9.6,6.91,0.28,SUP-002,48,12,75.0,18842.100000000002,13218.83,1913,0.8735159817351598,1.7565337048963858,1357,2190,0.6196,2.0109,251505.27,0.5208,A,Z,AZ
SKU-014,FOODS_2_184,FOODS_2_184,FOODS,FOODS_2,4.88,3.51,0.28,SUP-003,48,12,75.0,21356.55,16883.1,4810,2.1963470319634704,2.0611451238763303,503,2190,0.2297,0.9384,232663.16999999998,0.4817,A,Y,AY
SKU-015,FOODS_3_528,FOODS_3_528,FOODS,FOODS_3,4.98,3.59,0.28,SUP-001,48,12,75.0,4606.5,3320.75,925,0.4223744292237443,0.7569696422398621,1533,2190,0.7,1.7922,431209.27,0.8928,B,Z,BZ
SKU-016,FOODS_1_049,FOODS_1_049,FOODS,FOODS_1,2.23,1.61,0.28,SUP-002,96,24,75.0,2767.7400000000002,2054.36,1276,0.582648401826484,1.3663281948622608,1565,2190,0.7146,2.345,460183.26000000007,0.9528,C,Z,CZ
SKU-017,FOODS_3_353,FOODS_3_353,FOODS,FOODS_3,8.95,6.44,0.28,SUP-003,48,12,75.0,7869.4800000000005,5647.88,877,0.4004566210045662,1.044422096850975,1747,2190,0.7977,2.6081,377543.62000000005,0.7817,A,Z,AZ
SKU-018,FOODS_2_113,FOODS_2_113,FOODS,FOODS_2,2.75,1.98,0.28,SUP-001,96,24,75.0,3050.08,2213.64,1118,0.5105022831050229,0.9913417884696871,1554,2190,0.7096,1.9419,457415.5200000001,0.9471,B,Z,BZ
SKU-019,FOODS_2_011,FOODS_2_011,FOODS,FOODS_2,2.75,1.98,0.28,SUP-002,96,24,75.0,3280.8,2397.78,1211,0.5529680365296804,1.0037289332667096,1471,2190,0.6717,1.8152,454365.44000000006,0.9408,B,Z,BZ
SKU-020,FOODS_3_779,FOODS_3_779,FOODS,FOODS_3,2.48,1.79,0.28,SUP-003,96,24,75.0,2225.92,1616.3700000000001,903,0.4123287671232877,1.015338537157813,1694,2190,0.7735,2.4624,470034.07000000007,0.9732,C,Z,CZ
SKU-021,HOUSEHOLD_1_344,HOUSEHOLD_1_344,HOUSEHOLD,HOUSEHOLD_1,7.96,5.09,0.36,SUP-004,48,12,90.0,26737.559999999998,17138.03,3367,1.5374429223744293,2.2656420072586387,1116,2190,0.5096,1.4736,166849.68,0.3455,A,Z,AZ
SKU-022,HOUSEHOLD_1_071,HOUSEHOLD_1_071,HOUSEHOLD,HOUSEHOLD_1,2.1,1.34,0.36,SUP-005,96,24,90.0,12601.62,7792.1,5815,2.6552511415525113,2.051274505135523,315,2190,0.1438,0.7725,314666.4,0.6515,A,Y,AY
SKU-023,HOUSEHOLD_1_393,HOUSEHOLD_1_393,HOUSEHOLD,HOUSEHOLD_1,1.98,1.27,0.36,SUP-008,96,24,90.0,6223.72,4001.77,3151,1.4388127853881278,1.4729634240624772,696,2190,0.3178,1.0237,399239.27,0.8266,B,Z,BZ
SKU-024,HOUSEHOLD_1_443,HOUSEHOLD_1_443,HOUSEHOLD,HOUSEHOLD_1,2.53,1.62,0.36,SUP-004,96,24,90.0,7627.450000000001,5017.14,3097,1.4141552511415525,1.697196407355802,915,2190,0.4178,1.2001,393015.55000000005,0.8138,B,Z,BZ
SKU-025,HOUSEHOLD_1_279,HOUSEHOLD_1_279,HOUSEHOLD,HOUSEHOLD_1,0.97,0.62,0.36,SUP-005,96,24,90.0,3580.27,2288.42,3691,1.6853881278538814,2.768371288121426,1052,2190,0.4804,1.6426,447555.31000000006,0.9267,B,Z,BZ
SKU-026,HOUSEHOLD_2_308,HOUSEHOLD_2_308,HOUSEHOLD,HOUSEHOLD_2,3.54,2.27,0.36,SUP-008,96,24,90.0,2345.39,1441.45,635,0.2899543378995434,0.6249272211381177,1705,2190,0.7785,2.1553,467808.1500000001,0.9686,C,Z,CZ
SKU-027,HOUSEHOLD_2_030,HOUSEHOLD_2_030,HOUSEHOLD,HOUSEHOLD_2,3.9,2.5,0.36,SUP-004,96,24,90.0,3529.3300000000004,2222.5,889,0.40593607305936075,0.6826582655101077,1497,2190,0.6836,1.6817,451084.6400000001,0.934,B,Z,BZ
SKU-028,HOUSEHOLD_1_457,HOUSEHOLD_1_457,HOUSEHOLD,HOUSEHOLD_1,10.07,6.44,0.36,SUP-005,48,12,90.0,28301.06,18019.120000000003,2798,1.2776255707762556,1.5737109995716163,914,2190,0.4174,1.2317,140112.12,0.2901,A,Z,AZ
SKU-029,HOUSEHOLD_1_357,HOUSEHOLD_1_357,HOUSEHOLD,HOUSEHOLD_1,12.08,7.73,0.36,SUP-008,48,12,90.0,18780.93,12128.37,1569,0.7164383561643836,1.2628341990674925,1460,2190,0.6667,1.7627,270286.2,0.5596,A,Z,AZ
SKU-030,HOUSEHOLD_1_345,HOUSEHOLD_1_345,HOUSEHOLD,HOUSEHOLD_1,3.92,2.51,0.36,SUP-004,96,24,90.0,8965.34,5489.37,2187,0.9986301369863013,1.3830197643307383,1086,2190,0.4959,1.3849,343972.20000000007,0.7122,A,Z,AZ
SKU-031,HOUSEHOLD_2_463,HOUSEHOLD_2_463,HOUSEHOLD,HOUSEHOLD_2,5.47,3.5,0.36,SUP-005,48,12,90.0,2084.0699999999997,1333.5,381,0.17397260273972603,0.4527548477880698,1870,2190,0.8539,2.6024,472118.1400000001,0.9775,C,Z,CZ
SKU-032,HOUSEHOLD_2_182,HOUSEHOLD_2_182,HOUSEHOLD,HOUSEHOLD_2,6.99,4.47,0.36,SUP-008,48,12,90.0,4104.240000000001,2628.3599999999997,588,0.2684931506849315,0.6075984627308271,1746,2190,0.7973,2.263,439898.47000000003,0.9108,B,Z,BZ
SKU-033,HOUSEHOLD_2_356,HOUSEHOLD_2_356,HOUSEHOLD,HOUSEHOLD_2,9.86,6.31,0.36,SUP-004,48,12,90.0,6049.4400000000005,3868.0299999999997,613,0.27990867579908674,0.5804080029222298,1696,2190,0.7744,2.0736,405288.71,0.8392,B,Z,BZ
SKU-034,HOUSEHOLD_2_307,HOUSEHOLD_2_307,HOUSEHOLD,HOUSEHOLD_2,5.98,3.83,0.36,SUP-005,48,12,90.0,1363.44,873.24,228,0.10410958904109589,0.36414384133924865,1998,2190,0.9123,3.4977,478563.50000000006,0.9909,C,Z,CZ
SKU-035,HOUSEHOLD_2_241,HOUSEHOLD_2_241,HOUSEHOLD,HOUSEHOLD_2,4.97,3.18,0.36,SUP-008,48,12,90.0,2752.94,1761.72,554,0.25296803652968036,0.6252841136830313,1795,2190,0.8196,2.4718,462936.20000000007,0.9585,C,Z,CZ
SKU-036,HOBBIES_1_131,HOBBIES_1_131,HOBBIES,HOBBIES_1,0.68,0.5,0.44,SUP-006,96,24,110.0,1634.72,1207.0,2414,1.102283105022831,2.32226482689002,1428,2190,0.6521,2.1068,475623.68000000005,0.9848,C,Z,CZ
SKU-037,HOBBIES_1_048,HOBBIES_1_048,HOBBIES,HOBBIES_1,0.48,0.5,0.44,SUP-007,96,24,110.0,8232.42,8732.0,17464,7.974429223744292,8.88401915073832,441,2190,0.2014,1.1141,369674.1400000001,0.7654,A,Z,AZ
SKU-038,HOBBIES_1_323,HOBBIES_1_323,HOBBIES,HOBBIES_1,5.02,2.81,0.44,SUP-006,96,24,110.0,13414.62,7724.6900000000005,2749,1.2552511415525114,1.356896098574332,817,2190,0.3731,1.081,302064.78,0.6254,A,Z,AZ
SKU-039,HOBBIES_1_278,HOBBIES_1_278,HOBBIES,HOBBIES_1,0.56,0.5,0.44,SUP-007,96,24,110.0,4076.57,3609.5,7219,3.2963470319634705,6.150193806951775,1171,2190,0.5347,1.8658,443975.04000000004,0.9193,B,Z,BZ
SKU-040,HOBBIES_1_370,HOBBIES_1_370,HOBBIES,HOBBIES_1,0.48,0.5,0.44,SUP-006,96,24,110.0,5071.32,5413.5,10827,4.943835616438356,6.531509590706854,632,2190,0.2886,1.3211,421891.97000000003,0.8735,B,Z,BZ
SKU-041,HOBBIES_1_057,HOBBIES_1_057,HOBBIES,HOBBIES_1,4.84,2.71,0.44,SUP-007,96,24,110.0,9589.2,5325.15,1965,0.8972602739726028,1.1076963121647916,1032,2190,0.4712,1.2345,335006.86000000004,0.6936,A,Z,AZ
SKU-042,HOBBIES_1_095,HOBBIES_1_095,HOBBIES,HOBBIES_1,7.68,4.3,0.44,SUP-006,48,12,110.0,4584.96,2567.1,597,0.2726027397260274,0.6038766813804058,1741,2190,0.795,2.2152,435794.23000000004,0.9023,B,Z,BZ
SKU-043,HOBBIES_1_266,HOBBIES_1_266,HOBBIES,HOBBIES_1,4.68,2.62,0.44,SUP-007,96,24,110.0,4710.8,2630.48,1004,0.45844748858447487,0.8691764298853518,1560,2190,0.7123,1.8959,426602.77,0.8833,B,Z,BZ
SKU-044,HOBBIES_1_007,HOBBIES_1_007,HOBBIES,HOBBIES_1,7.88,4.41,0.44,SUP-006,48,12,110.0,5967.78,3342.78,758,0.3461187214611872,0.620070144845152,1577,2190,0.7201,1.7915,411256.49000000005,0.8515,B,Z,BZ
SKU-045,HOBBIES_1_156,HOBBIES_1_156,HOBBIES,HOBBIES_1,1.85,1.04,0.44,SUP-007,96,24,110.0,2526.56,1410.24,1356,0.6191780821917808,1.1738732086476753,1447,2190,0.6607,1.8959,465462.76000000007,0.9638,C,Z,CZ
SKU-046,HOBBIES_1_113,HOBBIES_1_113,HOBBIES,HOBBIES_1,1.47,0.82,0.44,SUP-006,96,24,110.0,571.83,318.97999999999996,389,0.1776255707762557,0.5102439213571096,1880,2190,0.8584,2.8726,482504.43000000005,0.999,C,Z,CZ
SKU-047,HOBBIES_2_008,HOBBIES_2_008,HOBBIES,HOBBIES_2,3.79,2.12,0.44,SUP-007,96,24,110.0,1176.6299999999999,644.48,304,0.13881278538812786,0.38460608745097125,1914,2190,0.874,2.7707,479740.13000000006,0.9933,C,Z,CZ
SKU-048,HOBBIES_2_060,HOBBIES_2_060,HOBBIES,HOBBIES_2,0.97,0.54,0.44,SUP-006,96,24,110.0,461.71999999999997,257.04,476,0.217351598173516,0.670646933147304,1886,2190,0.8612,3.0855,482966.15,1.0,C,Z,CZ
SKU-049,HOBBIES_1_230,HOBBIES_1_230,HOBBIES,HOBBIES_1,4.48,2.51,0.44,SUP-007,96,24,110.0,1084.16,607.42,242,0.11050228310502283,0.3414815004005997,1965,2190,0.8973,3.0903,481932.60000000003,0.9979,C,Z,CZ
SKU-050,HOBBIES_2_134,HOBBIES_2_134,HOBBIES,HOBBIES_2,6.31,3.53,0.44,SUP-006,48,12,110.0,1108.31,787.1899999999999,223,0.10182648401826484,0.3326957696334451,1984,2190,0.9059,3.2673,480848.44000000006,0.9956,C,Z,CZ
