sku_id,m5_item_id,sku_name,category,department,base_sell_price,unit_cost,gross_margin_rate,preferred_supplier_id,moq,batch_order_multiple,fixed_ordering_cost
SKU-001,FOODS_1_086,FOODS_1_086,FOODS,FOODS_1,1.68,1.21,0.28,SUP-002,96,24,75.0
SKU-002,FOODS_2_065,FOODS_2_065,FOODS,FOODS_2,0.95,0.68,0.28,SUP-003,96,24,75.0
SKU-003,FOODS_3_816,FOODS_3_816,FOODS,FOODS_3,0.2,0.5,0.28,SUP-001,96,24,75.0
SKU-004,FOODS_3_441,FOODS_3_441,FOODS,FOODS_3,6.61,4.76,0.28,SUP-002,48,12,75.0
SKU-005,FOODS_3_099,FOODS_3_099,FOODS,FOODS_3,2.5,1.8,0.28,SUP-003,96,24,75.0
SKU-006,FOODS_3_755,FOODS_3_755,FOODS,FOODS_3,1.05,0.76,0.28,SUP-001,96,24,75.0
SKU-007,FOODS_3_372,FOODS_3_372,FOODS,FOODS_3,3.28,2.36,0.28,SUP-002,96,24,75.0
SKU-008,FOODS_2_359,FOODS_2_359,FOODS,FOODS_2,1.96,1.41,0.28,SUP-003,96,24,75.0
SKU-009,FOODS_3_079,FOODS_3_079,FOODS,FOODS_3,5.98,4.31,0.28,SUP-001,48,12,75.0
SKU-010,FOODS_3_505,FOODS_3_505,FOODS,FOODS_3,3.48,2.51,0.28,SUP-002,96,24,75.0
SKU-011,FOODS_1_118,FOODS_1_118,FOODS,FOODS_1,0.98,0.71,0.28,SUP-003,96,24,75.0
SKU-012,FOODS_1_166,FOODS_1_166,FOODS,FOODS_1,2.16,1.56,0.28,SUP-001,96,24,75.0
SKU-013,FOODS_1_180,FOODS_1_180,FOODS,FOODS_1,9.6,6.91,0.28,SUP-002,48,12,75.0
SKU-014,FOODS_2_184,FOODS_2_184,FOODS,FOODS_2,4.88,3.51,0.28,SUP-003,48,12,75.0
SKU-015,FOODS_3_528,FOODS_3_528,FOODS,FOODS_3,4.98,3.59,0.28,SUP-001,48,12,75.0
SKU-016,FOODS_1_049,FOODS_1_049,FOODS,FOODS_1,2.23,1.61,0.28,SUP-002,96,24,75.0
SKU-017,FOODS_3_353,FOODS_3_353,FOODS,FOODS_3,8.95,6.44,0.28,SUP-003,48,12,75.0
SKU-018,FOODS_2_113,FOODS_2_113,FOODS,FOODS_2,2.75,1.98,0.28,SUP-001,96,24,75.0
SKU-019,FOODS_2_011,FOODS_2_011,FOODS,FOODS_2,2.75,1.98,0.28,SUP-002,96,24,75.0
SKU-020,FOODS_3_779,FOODS_3_779,FOODS,FOODS_3,2.48,1.79,0.28,SUP-003,96,24,75.0
SKU-021,HOUSEHOLD_1_344,HOUSEHOLD_1_344,HOUSEHOLD,HOUSEHOLD_1,7.96,5.09,0.36,SUP-004,48,12,90.0
SKU-022,HOUSEHOLD_1_071,HOUSEHOLD_1_071,HOUSEHOLD,HOUSEHOLD_1,2.1,1.34,0.36,SUP-005,96,24,90.0
SKU-023,HOUSEHOLD_1_393,HOUSEHOLD_1_393,HOUSEHOLD,HOUSEHOLD_1,1.98,1.27,0.36,SUP-008,96,24,90.0
SKU-024,HOUSEHOLD_1_443,HOUSEHOLD_1_443,HOUSEHOLD,HOUSEHOLD_1,2.53,1.62,0.36,SUP-004,96,24,90.0
SKU-025,HOUSEHOLD_1_279,HOUSEHOLD_1_279,HOUSEHOLD,HOUSEHOLD_1,0.97,0.62,0.36,SUP-005,96,24,90.0
SKU-026,HOUSEHOLD_2_308,HOUSEHOLD_2_308,HOUSEHOLD,HOUSEHOLD_2,3.54,2.27,0.36,SUP-008,96,24,90.0
SKU-027,HOUSEHOLD_2_030,HOUSEHOLD_2_030,HOUSEHOLD,HOUSEHOLD_2,3.9,2.5,0.36,SUP-004,96,24,90.0
SKU-028,HOUSEHOLD_1_457,HOUSEHOLD_1_457,HOUSEHOLD,HOUSEHOLD_1,10.07,6.44,0.36,SUP-005,48,12,90.0
SKU-029,HOUSEHOLD_1_357,HOUSEHOLD_1_357,HOUSEHOLD,HOUSEHOLD_1,12.08,7.73,0.36,SUP-008,48,12,90.0
SKU-030,HOUSEHOLD_1_345,HOUSEHOLD_1_345,HOUSEHOLD,HOUSEHOLD_1,3.92,2.51,0.36,SUP-004,96,24,90.0
SKU-031,HOUSEHOLD_2_463,HOUSEHOLD_2_463,HOUSEHOLD,HOUSEHOLD_2,5.47,3.5,0.36,SUP-005,48,12,90.0
SKU-032,HOUSEHOLD_2_182,HOUSEHOLD_2_182,HOUSEHOLD,HOUSEHOLD_2,6.99,4.47,0.36,SUP-008,48,12,90.0
SKU-033,HOUSEHOLD_2_356,HOUSEHOLD_2_356,HOUSEHOLD,HOUSEHOLD_2,9.86,6.31,0.36,SUP-004,48,12,90.0
SKU-034,HOUSEHOLD_2_307,HOUSEHOLD_2_307,HOUSEHOLD,HOUSEHOLD_2,5.98,3.83,0.36,SUP-005,48,12,90.0
SKU-035,HOUSEHOLD_2_241,HOUSEHOLD_2_241,HOUSEHOLD,HOUSEHOLD_2,4.97,3.18,0.36,SUP-008,48,12,90.0
SKU-036,HOBBIES_1_131,HOBBIES_1_131,HOBBIES,HOBBIES_1,0.68,0.5,0.44,SUP-006,96,24,110.0
SKU-037,HOBBIES_1_048,HOBBIES_1_048,HOBBIES,HOBBIES_1,0.48,0.5,0.44,SUP-007,96,24,110.0
SKU-038,HOBBIES_1_323,HOBBIES_1_323,HOBBIES,HOBBIES_1,5.02,2.81,0.44,SUP-006,96,24,110.0
SKU-039,HOBBIES_1_278,HOBBIES_1_278,HOBBIES,HOBBIES_1,0.56,0.5,0.44,SUP-007,96,24,110.0
SKU-040,HOBBIES_1_370,HOBBIES_1_370,HOBBIES,HOBBIES_1,0.48,0.5,0.44,SUP-006,96,24,110.0
SKU-041,HOBBIES_1_057,HOBBIES_1_057,HOBBIES,HOBBIES_1,4.84,2.71,0.44,SUP-007,96,24,110.0
SKU-042,HOBBIES_1_095,HOBBIES_1_095,HOBBIES,HOBBIES_1,7.68,4.3,0.44,SUP-006,48,12,110.0
SKU-043,HOBBIES_1_266,HOBBIES_1_266,HOBBIES,HOBBIES_1,4.68,2.62,0.44,SUP-007,96,24,110.0
SKU-044,HOBBIES_1_007,HOBBIES_1_007,HOBBIES,HOBBIES_1,7.88,4.41,0.44,SUP-006,48,12,110.0
SKU-045,HOBBIES_1_156,HOBBIES_1_156,HOBBIES,HOBBIES_1,1.85,1.04,0.44,SUP-007,96,24,110.0
SKU-046,HOBBIES_1_113,HOBBIES_1_113,HOBBIES,HOBBIES_1,1.47,0.82,0.44,SUP-006,96,24,110.0
SKU-047,HOBBIES_2_008,HOBBIES_2_008,HOBBIES,HOBBIES_2,3.79,2.12,0.44,SUP-007,96,24,110.0
SKU-048,HOBBIES_2_060,HOBBIES_2_060,HOBBIES,HOBBIES_2,0.97,0.54,0.44,SUP-006,96,24,110.0
SKU-049,HOBBIES_1_230,HOBBIES_1_230,HOBBIES,HOBBIES_1,4.48,2.51,0.44,SUP-007,96,24,110.0
SKU-050,HOBBIES_2_134,HOBBIES_2_134,HOBBIES,HOBBIES_2,6.31,3.53,0.44,SUP-006,48,12,110.0
