snapshot_date,sku_id,warehouse_id,on_hand_inventory,on_order_inventory,backorders,inventory_position,mean_daily_demand,std_daily_demand,cv_demand,lead_time_days,lead_time_std_days,service_level_target,z_score,safety_stock_fixed_lt,safety_stock_variable_lt,reorder_point,eoq,baseline_rop,baseline_order_qty,days_of_coverage,inventory_capital_tied,is_below_rop,is_stockout_risk,abc_class,xyz_class,abc_xyz_segment
2016-04-24,SKU-001,WH-CA1,48,0,0,48,5.181,4.324,0.8346,4,0.8,0.95,1.645,15,16,37,984,73,120,9.3,58.08,0,0,A,Z,AZ
2016-04-24,SKU-001,WH-TX1,3,0,0,3,0.114,0.402,3.532,4,0.8,0.95,1.645,2,2,3,168,2,96,26.4,3.63,1,1,A,Z,AZ
2016-04-24,SKU-001,WH-WI1,23,0,0,23,3.075,2.997,0.9744,4,0.8,0.95,1.645,10,11,24,816,44,96,7.5,27.83,1,1,A,Z,AZ
2016-04-24,SKU-002,WH-CA1,25,0,0,25,1.599,1.965,1.2293,7,1.4,0.95,1.645,9,10,22,720,23,96,15.6,17.0,0,0,B,Z,BZ
2016-04-24,SKU-002,WH-TX1,25,0,0,25,1.848,2.162,1.1697,7,1.4,0.95,1.645,10,11,24,864,26,96,13.5,17.0,0,0,B,Z,BZ
2016-04-24,SKU-002,WH-WI1,54,0,0,54,4.471,3.151,0.7048,7,1.4,0.95,1.645,14,18,50,1296,63,96,12.1,36.72,0,0,B,Z,BZ
2016-04-24,SKU-003,WH-CA1,37,0,0,37,2.899,4.669,1.6109,5,1.0,0.95,1.645,18,18,33,1128,41,96,12.8,18.5,0,0,C,Z,CZ
2016-04-24,SKU-003,WH-TX1,69,0,0,69,4.626,7.72,1.6689,5,1.0,0.95,1.645,29,30,54,1608,65,120,14.9,34.5,0,0,C,Z,CZ
2016-04-24,SKU-003,WH-WI1,42,0,0,42,3.297,4.521,1.3711,5,1.0,0.95,1.645,17,18,35,1296,47,96,12.7,21.0,0,0,C,Z,CZ
2016-04-24,SKU-004,WH-CA1,69,444,0,513,4.121,9.218,2.237,4,0.8,0.95,1.645,31,31,48,444,58,96,16.7,328.44,0,0,A,Z,AZ
2016-04-24,SKU-004,WH-TX1,35,384,0,419,2.426,4.809,1.9822,4,0.8,0.95,1.645,16,17,27,384,34,60,14.4,166.6,0,0,A,Z,AZ
2016-04-24,SKU-004,WH-WI1,30,360,0,390,2.392,3.533,1.477,4,0.8,0.95,1.645,12,13,23,360,34,60,12.5,142.8,0,0,A,Z,AZ
2016-04-24,SKU-005,WH-CA1,161,0,0,161,17.97,7.623,0.4242,7,1.4,0.95,1.645,34,54,180,1488,252,384,9.0,289.8,1,1,A,Y,AY
2016-04-24,SKU-005,WH-TX1,89,1176,0,1265,8.855,4.266,0.4818,7,1.4,0.95,1.645,19,28,90,1176,124,192,10.1,160.2,0,0,A,Y,AY
2016-04-24,SKU-005,WH-WI1,91,1200,0,1291,10.207,5.939,0.5819,7,1.4,0.95,1.645,26,35,107,1200,143,216,8.9,163.8,0,0,A,Y,AY
2016-04-24,SKU-006,WH-CA1,75,0,0,75,7.073,6.972,0.9857,5,1.0,0.95,1.645,26,29,65,1440,100,168,10.6,57.0,0,0,A,Z,AZ
2016-04-24,SKU-006,WH-TX1,24,0,0,24,1.94,3.468,1.7876,5,1.0,0.95,1.645,13,14,24,840,28,96,12.4,18.24,1,1,A,Z,AZ
2016-04-24,SKU-006,WH-WI1,40,1056,0,1096,3.263,3.958,1.2131,5,1.0,0.95,1.645,15,16,33,1056,46,96,12.3,30.4,0,0,A,Z,AZ
2016-04-24,SKU-007,WH-CA1,31,0,0,31,3.632,2.874,0.7913,4,0.8,0.95,1.645,10,11,26,600,51,96,8.5,73.16,0,0,A,Y,AY
2016-04-24,SKU-007,WH-TX1,34,0,0,34,3.547,2.753,0.7764,4,0.8,0.95,1.645,10,11,26,648,50,96,9.6,80.24,0,0,A,Y,AY
2016-04-24,SKU-007,WH-WI1,21,0,0,21,1.996,1.767,0.8851,4,0.8,0.95,1.645,6,7,15,480,28,96,10.5,49.56,0,0,A,Y,AY
2016-04-24,SKU-008,WH-CA1,46,840,0,886,4.401,3.14,0.7134,7,1.4,0.95,1.645,14,18,49,840,62,96,10.5,64.86,0,0,A,Z,AZ
2016-04-24,SKU-008,WH-TX1,13,336,0,349,0.538,0.985,1.8298,7,1.4,0.95,1.645,5,5,9,336,8,96,24.1,18.33,0,0,A,Z,AZ
2016-04-24,SKU-008,WH-WI1,20,384,0,404,0.819,2.168,2.6464,7,1.4,0.95,1.645,10,10,16,384,12,96,24.4,28.2,0,0,A,Z,AZ
2016-04-24,SKU-009,WH-CA1,23,0,0,23,2.125,3.039,1.4302,5,1.0,0.95,1.645,12,12,23,336,30,48,10.8,99.13,1,1,A,Z,AZ
2016-04-24,SKU-009,WH-TX1,18,0,0,18,1.414,1.962,1.3881,5,1.0,0.95,1.645,8,8,16,300,20,48,12.7,77.58,0,0,A,Z,AZ
2016-04-24,SKU-009,WH-WI1,22,0,0,22,1.614,2.134,1.3227,5,1.0,0.95,1.645,8,9,18,312,23,48,13.6,94.82,0,0,A,Z,AZ
2016-04-24,SKU-010,WH-CA1,32,0,0,32,3.121,2.9,0.9292,4,0.8,0.95,1.645,10,11,24,528,44,96,10.3,80.32,0,0,A,Z,AZ
2016-04-24,SKU-010,WH-TX1,18,0,0,18,1.555,1.616,1.0395,4,0.8,0.95,1.645,6,6,13,432,22,96,11.6,45.18,0,0,A,Z,AZ
2016-04-24,SKU-010,WH-WI1,22,0,0,22,2.419,1.885,0.7791,4,0.8,0.95,1.645,7,7,17,504,34,96,9.1,55.22,0,0,A,Z,AZ
2016-04-24,SKU-011,WH-CA1,15,0,0,15,0.974,1.701,1.7461,7,1.4,0.95,1.645,8,8,15,552,14,96,15.4,10.65,1,1,C,Z,CZ
2016-04-24,SKU-011,WH-TX1,9,0,0,9,0.414,0.832,2.012,7,1.4,0.95,1.645,4,4,7,408,6,96,21.8,6.39,0,0,C,Z,CZ
2016-04-24,SKU-011,WH-WI1,20,0,0,20,1.227,1.516,1.2354,7,1.4,0.95,1.645,7,8,17,672,18,96,16.3,14.2,0,0,C,Z,CZ
2016-04-24,SKU-012,WH-CA1,21,0,0,21,1.877,2.233,1.1898,5,1.0,0.95,1.645,9,9,19,528,27,96,11.2,32.76,0,0,A,Z,AZ
2016-04-24,SKU-012,WH-TX1,16,0,0,16,0.851,1.419,1.6685,5,1.0,0.95,1.645,6,6,11,408,12,96,18.8,24.96,0,0,A,Z,AZ
2016-04-24,SKU-012,WH-WI1,32,0,0,32,2.07,2.562,1.2376,5,1.0,0.95,1.645,10,11,22,576,29,96,15.5,49.92,0,0,A,Z,AZ
2016-04-24,SKU-013,WH-CA1,12,192,0,204,1.148,1.968,1.7139,4,0.8,0.95,1.645,7,7,12,192,17,48,10.5,82.92,0,0,A,Z,AZ
2016-04-24,SKU-013,WH-TX1,16,0,0,16,1.179,2.098,1.779,4,0.8,0.95,1.645,7,8,13,228,17,48,13.6,110.56,0,0,A,Z,AZ
2016-04-24,SKU-013,WH-WI1,6,108,0,114,0.293,0.696,2.3746,4,0.8,0.95,1.645,3,3,5,108,5,48,20.5,41.46,0,0,A,Z,AZ
2016-04-24,SKU-014,WH-CA1,21,384,0,405,2.241,1.806,0.8058,7,1.4,0.95,1.645,8,10,26,384,32,48,9.4,73.71,0,0,A,Y,AY
2016-04-24,SKU-014,WH-TX1,42,528,0,570,3.475,2.252,0.6481,7,1.4,0.95,1.645,10,13,38,528,49,84,12.1,147.42,0,0,A,Y,AY
2016-04-24,SKU-014,WH-WI1,12,252,0,264,0.873,1.014,1.1617,7,1.4,0.95,1.645,5,5,12,252,13,48,13.8,42.12,0,0,A,Y,AY
2016-04-24,SKU-015,WH-CA1,4,0,0,4,0.323,0.664,2.0548,5,1.0,0.95,1.645,3,3,5,144,5,48,12.4,14.36,1,1,B,Z,BZ
2016-04-24,SKU-015,WH-TX1,8,192,0,200,0.453,0.727,1.6026,5,1.0,0.95,1.645,3,3,6,192,7,48,17.6,28.72,0,0,B,Z,BZ
2016-04-24,SKU-015,WH-WI1,6,0,0,6,0.49,0.858,1.7492,5,1.0,0.95,1.645,4,4,7,192,7,48,12.2,21.54,1,1,B,Z,BZ
2016-04-24,SKU-016,WH-CA1,12,0,0,12,0.901,1.933,2.1441,4,0.8,0.95,1.645,7,7,11,360,13,96,13.3,19.32,0,0,C,Z,CZ
2016-04-24,SKU-016,WH-TX1,6,0,0,6,0.358,0.836,2.3387,4,0.8,0.95,1.645,3,3,5,264,6,96,16.8,9.66,0,0,C,Z,CZ
2016-04-24,SKU-016,WH-WI1,9,0,0,9,0.489,1.005,2.0552,4,0.8,0.95,1.645,4,4,6,288,7,96,18.4,14.49,0,0,C,Z,CZ
2016-04-24,SKU-017,WH-CA1,10,0,0,10,0.442,1.149,2.5963,7,1.4,0.95,1.645,5,6,10,132,7,48,22.6,64.4,1,1,A,Z,AZ
2016-04-24,SKU-017,WH-TX1,8,0,0,8,0.33,0.928,2.8101,7,1.4,0.95,1.645,5,5,8,120,5,48,24.2,51.52,1,1,A,Z,AZ
2016-04-24,SKU-017,WH-WI1,7,132,0,139,0.429,1.043,2.4322,7,1.4,0.95,1.645,5,5,9,132,7,48,16.3,45.08,0,0,A,Z,AZ
2016-04-24,SKU-018,WH-CA1,11,0,0,11,0.573,1.062,1.8552,5,1.0,0.95,1.645,4,5,8,264,9,96,19.2,21.78,0,0,B,Z,BZ
2016-04-24,SKU-018,WH-TX1,5,192,0,197,0.215,0.525,2.4429,5,1.0,0.95,1.645,2,2,4,192,4,96,23.2,9.9,0,0,B,Z,BZ
2016-04-24,SKU-018,WH-WI1,11,0,0,11,0.744,1.184,1.5911,5,1.0,0.95,1.645,5,5,9,312,11,96,14.8,21.78,0,0,B,Z,BZ
2016-04-24,SKU-019,WH-CA1,8,264,0,272,0.619,1.07,1.7276,4,0.8,0.95,1.645,4,4,7,264,9,96,12.9,15.84,0,0,B,Z,BZ
2016-04-24,SKU-019,WH-TX1,4,0,0,4,0.288,0.647,2.2507,4,0.8,0.95,1.645,3,3,5,216,5,96,13.9,7.92,1,1,B,Z,BZ
2016-04-24,SKU-019,WH-WI1,11,0,0,11,0.752,1.161,1.5434,4,0.8,0.95,1.645,4,4,8,312,11,96,14.6,21.78,0,0,B,Z,BZ
2016-04-24,SKU-020,WH-CA1,9,240,0,249,0.423,0.886,2.093,7,1.4,0.95,1.645,4,4,7,240,6,96,21.3,16.11,0,0,C,Z,CZ
2016-04-24,SKU-020,WH-TX1,5,144,0,149,0.104,0.6,5.7593,7,1.4,0.95,1.645,3,3,4,144,2,96,48.0,8.95,0,0,C,Z,CZ
2016-04-24,SKU-020,WH-WI1,13,0,0,13,0.71,1.329,1.8735,7,1.4,0.95,1.645,6,7,12,336,10,96,18.3,23.27,0,0,C,Z,CZ
2016-04-24,SKU-021,WH-CA1,16,252,0,268,1.21,1.577,1.3037,10,1.8,0.95,1.645,9,9,22,252,17,48,13.2,81.44,0,0,A,Z,AZ
2016-04-24,SKU-021,WH-TX1,50,0,0,50,3.273,2.767,0.8456,10,1.8,0.95,1.645,15,18,51,468,46,72,15.3,254.5,1,1,A,Z,AZ
2016-04-24,SKU-021,WH-WI1,6,0,0,6,0.13,0.403,3.0999,10,1.8,0.95,1.645,3,3,5,96,2,48,46.1,30.54,0,0,A,Z,AZ
2016-04-24,SKU-022,WH-CA1,52,816,0,868,3.356,2.077,0.6189,14,2.5,0.95,1.645,13,19,66,816,47,96,15.5,69.68,0,0,A,Y,AY
2016-04-24,SKU-022,WH-TX1,39,0,0,39,3.082,2.09,0.6782,14,2.5,0.95,1.645,13,19,63,888,44,96,12.7,52.26,1,1,A,Y,AY
2016-04-24,SKU-022,WH-WI1,24,0,0,24,1.527,1.415,0.9265,14,2.5,0.95,1.645,9,11,33,600,22,96,15.7,32.16,1,1,A,Y,AY
2016-04-24,SKU-023,WH-CA1,16,0,0,16,0.888,1.174,1.3226,12,2.1,0.95,1.645,7,8,19,432,13,96,18.0,20.32,1,1,B,Z,BZ
2016-04-24,SKU-023,WH-TX1,27,0,0,27,1.536,1.523,0.992,12,2.1,0.95,1.645,9,11,30,648,22,96,17.6,34.29,1,1,B,Z,BZ
2016-04-24,SKU-023,WH-WI1,26,0,0,26,1.893,1.515,0.8004,12,2.1,0.95,1.645,9,11,34,672,27,96,13.7,33.02,1,1,B,Z,BZ
2016-04-24,SKU-024,WH-CA1,17,0,0,17,1.623,1.657,1.0207,10,1.8,0.95,1.645,9,10,27,528,23,96,10.5,27.54,1,1,B,Z,BZ
2016-04-24,SKU-024,WH-TX1,26,552,0,578,1.414,1.854,1.3118,10,1.8,0.95,1.645,10,11,26,552,20,96,18.4,42.12,0,0,B,Z,BZ
2016-04-24,SKU-024,WH-WI1,19,0,0,19,1.205,1.542,1.2791,10,1.8,0.95,1.645,9,9,22,480,17,96,15.8,30.78,1,1,B,Z,BZ
2016-04-24,SKU-025,WH-CA1,41,0,0,41,1.556,2.207,1.4185,14,2.5,0.95,1.645,14,16,38,816,22,96,26.3,25.42,0,0,B,Z,BZ
2016-04-24,SKU-025,WH-TX1,32,672,0,704,0.811,2.557,3.1529,14,2.5,0.95,1.645,16,17,29,672,12,96,39.5,19.84,0,0,B,Z,BZ
2016-04-24,SKU-025,WH-WI1,48,0,0,48,2.689,3.132,1.1648,14,2.5,0.95,1.645,20,23,61,1152,38,96,17.9,29.76,1,1,B,Z,BZ
2016-04-24,SKU-026,WH-CA1,10,0,0,10,0.341,0.731,2.1445,12,2.1,0.95,1.645,5,5,10,216,5,96,29.3,22.7,1,1,C,Z,CZ
2016-04-24,SKU-026,WH-TX1,5,0,0,5,0.259,0.571,2.2072,12,2.1,0.95,1.645,4,4,8,216,4,96,19.3,11.35,1,1,C,Z,CZ
2016-04-24,SKU-026,WH-WI1,8,192,0,200,0.27,0.554,2.0533,12,2.1,0.95,1.645,4,4,8,192,4,96,29.6,18.16,0,0,C,Z,CZ
2016-04-24,SKU-027,WH-CA1,9,0,0,9,0.474,0.746,1.5745,10,1.8,0.95,1.645,4,5,10,240,7,96,19.0,22.5,1,1,B,Z,BZ
2016-04-24,SKU-027,WH-TX1,6,0,0,6,0.334,0.627,1.8754,10,1.8,0.95,1.645,4,4,8,216,5,96,18.0,15.0,1,1,B,Z,BZ
2016-04-24,SKU-027,WH-WI1,7,240,0,247,0.41,0.663,1.6189,10,1.8,0.95,1.645,4,4,9,240,6,96,17.1,17.5,0,0,B,Z,BZ
2016-04-24,SKU-028,WH-CA1,20,228,0,248,1.263,1.322,1.0465,14,2.5,0.95,1.645,9,10,28,228,18,48,15.8,128.8,0,0,A,Z,AZ
2016-04-24,SKU-028,WH-TX1,31,0,0,31,2.308,1.826,0.7909,14,2.5,0.95,1.645,12,15,48,348,33,60,13.4,199.64,1,1,A,Z,AZ
2016-04-24,SKU-028,WH-WI1,7,120,0,127,0.262,0.509,1.9462,14,2.5,0.95,1.645,4,4,8,120,4,48,26.8,45.08,0,0,A,Z,AZ
2016-04-24,SKU-029,WH-CA1,12,0,0,12,0.705,1.188,1.6846,12,2.1,0.95,1.645,7,8,17,156,10,48,17.0,92.76,1,1,A,Z,AZ
2016-04-24,SKU-029,WH-TX1,16,192,0,208,0.842,1.474,1.7491,12,2.1,0.95,1.645,9,9,20,192,12,48,19.0,123.68,0,0,A,Z,AZ
2016-04-24,SKU-029,WH-WI1,15,156,0,171,0.601,1.084,1.803,12,2.1,0.95,1.645,7,7,15,156,9,48,24.9,115.95,0,0,A,Z,AZ
2016-04-24,SKU-030,WH-CA1,20,408,0,428,1.542,1.678,1.088,10,1.8,0.95,1.645,9,10,26,408,22,96,13.0,50.2,0,0,A,Z,AZ
2016-04-24,SKU-030,WH-TX1,9,0,0,9,0.284,0.673,2.3738,10,1.8,0.95,1.645,4,4,7,216,4,96,31.7,22.59,0,0,A,Z,AZ
2016-04-24,SKU-030,WH-WI1,16,384,0,400,1.17,1.279,1.0935,10,1.8,0.95,1.645,7,8,20,384,17,96,13.7,40.16,0,0,A,Z,AZ
2016-04-24,SKU-031,WH-CA1,5,132,0,137,0.201,0.491,2.4359,14,2.5,0.95,1.645,4,4,7,132,3,48,24.8,17.5,0,0,C,Z,CZ
2016-04-24,SKU-031,WH-TX1,3,108,0,111,0.1,0.374,3.7351,14,2.5,0.95,1.645,3,3,5,108,2,48,30.0,10.5,0,0,C,Z,CZ
2016-04-24,SKU-031,WH-WI1,8,144,0,152,0.221,0.476,2.1603,14,2.5,0.95,1.645,3,4,8,144,4,48,36.3,28.0,0,0,C,Z,CZ
2016-04-24,SKU-032,WH-CA1,8,0,0,8,0.262,0.528,2.017,12,2.1,0.95,1.645,4,4,8,132,4,48,30.6,35.76,1,1,B,Z,BZ
2016-04-24,SKU-032,WH-TX1,8,0,0,8,0.452,0.809,1.7891,12,2.1,0.95,1.645,5,5,11,192,7,48,17.7,35.76,1,1,B,Z,BZ
2016-04-24,SKU-032,WH-WI1,2,0,0,2,0.092,0.333,3.6285,12,2.1,0.95,1.645,2,2,4,84,2,48,21.8,8.94,1,1,B,Z,BZ
2016-04-24,SKU-033,WH-CA1,8,0,0,8,0.293,0.585,1.9947,10,1.8,0.95,1.645,4,4,7,120,5,48,27.3,50.48,0,0,B,Z,BZ
2016-04-24,SKU-033,WH-TX1,7,0,0,7,0.386,0.682,1.7654,10,1.8,0.95,1.645,4,4,8,144,6,48,18.1,44.17,1,1,B,Z,BZ
2016-04-24,SKU-033,WH-WI1,6,0,0,6,0.16,0.423,2.6373,10,1.8,0.95,1.645,3,3,5,96,3,48,37.4,37.86,0,0,B,Z,BZ
2016-04-24,SKU-034,WH-CA1,8,0,0,8,0.168,0.483,2.8683,14,2.5,0.95,1.645,3,4,7,108,3,48,47.5,30.64,0,0,C,Z,CZ
2016-04-24,SKU-034,WH-TX1,4,0,0,4,0.052,0.24,4.6123,14,2.5,0.95,1.645,2,2,3,72,1,48,76.8,15.32,0,0,C,Z,CZ
2016-04-24,SKU-034,WH-WI1,4,96,0,100,0.092,0.316,3.4443,14,2.5,0.95,1.645,2,2,4,96,2,48,43.6,15.32,0,0,C,Z,CZ
2016-04-24,SKU-035,WH-CA1,8,192,0,200,0.438,0.873,1.9918,12,2.1,0.95,1.645,5,6,12,192,7,48,18.2,25.44,0,0,C,Z,CZ
2016-04-24,SKU-035,WH-TX1,6,0,0,6,0.203,0.483,2.3819,12,2.1,0.95,1.645,3,3,6,156,3,48,29.6,19.08,1,1,C,Z,CZ
2016-04-24,SKU-035,WH-WI1,3,0,0,3,0.118,0.351,2.9803,12,2.1,0.95,1.645,3,3,5,108,2,48,25.5,9.54,1,1,C,Z,CZ
2016-04-24,SKU-036,WH-CA1,38,0,0,38,0.864,1.909,2.2081,21,3.8,0.95,1.645,15,16,35,768,13,96,44.0,19.0,0,0,C,Z,CZ
2016-04-24,SKU-036,WH-TX1,44,1008,0,1052,1.258,2.801,2.2274,21,3.8,0.95,1.645,22,23,50,1008,18,96,35.0,22.0,0,0,C,Z,CZ
2016-04-24,SKU-036,WH-WI1,28,0,0,28,1.185,2.149,1.8134,21,3.8,0.95,1.645,17,18,43,936,17,96,23.6,14.0,1,1,C,Z,CZ
2016-04-24,SKU-037,WH-CA1,221,2808,0,3029,12.216,10.763,0.8811,28,5.2,0.95,1.645,94,141,484,2808,172,264,18.1,110.5,0,1,A,Z,AZ
2016-04-24,SKU-037,WH-TX1,113,0,0,113,3.945,6.236,1.5807,28,5.2,0.95,1.645,55,64,175,1800,56,96,28.6,56.5,1,1,A,Z,AZ
2016-04-24,SKU-037,WH-WI1,162,0,0,162,7.762,6.923,0.892,28,5.2,0.95,1.645,61,90,308,2400,109,168,20.9,81.0,1,1,A,Z,AZ
2016-04-24,SKU-038,WH-CA1,23,384,0,407,1.14,1.082,0.9495,21,3.8,0.95,1.645,9,11,35,384,16,96,20.2,64.63,0,1,A,Z,AZ
2016-04-24,SKU-038,WH-TX1,43,576,0,619,2.188,1.535,0.7016,21,3.8,0.95,1.645,12,18,64,576,31,96,19.7,120.83,0,1,A,Z,AZ
2016-04-24,SKU-038,WH-WI1,11,0,0,11,0.438,0.67,1.5296,21,3.8,0.95,1.645,6,6,16,240,7,96,25.1,30.91,1,1,A,Z,AZ
2016-04-24,SKU-039,WH-CA1,75,0,0,75,3.971,7.958,2.004,28,5.2,0.95,1.645,70,78,190,1608,56,96,18.9,37.5,1,1,B,Z,BZ
2016-04-24,SKU-039,WH-TX1,59,0,0,59,1.64,3.426,2.0893,28,5.2,0.95,1.645,30,33,79,1152,23,96,36.0,29.5,1,1,B,Z,BZ
2016-04-24,SKU-039,WH-WI1,121,0,0,121,4.278,5.86,1.3697,28,5.2,0.95,1.645,52,63,183,1776,60,96,28.3,60.5,1,1,B,Z,BZ
2016-04-24,SKU-040,WH-CA1,115,0,0,115,5.779,7.66,1.3254,21,3.8,0.95,1.645,58,69,191,1944,81,144,19.9,57.5,1,1,B,Z,BZ
2016-04-24,SKU-040,WH-TX1,80,1608,0,1688,3.188,4.456,1.3979,21,3.8,0.95,1.645,34,40,107,1608,45,96,25.1,40.0,0,0,B,Z,BZ
2016-04-24,SKU-040,WH-WI1,112,2088,0,2200,5.864,6.703,1.143,21,3.8,0.95,1.645,51,63,187,2088,83,144,19.1,56.0,0,1,B,Z,BZ
2016-04-24,SKU-041,WH-CA1,25,360,0,385,0.96,1.127,1.1736,28,5.2,0.95,1.645,10,13,40,360,14,96,26.0,67.75,0,1,A,Z,AZ
2016-04-24,SKU-041,WH-TX1,12,288,0,300,0.523,0.843,1.611,28,5.2,0.95,1.645,8,9,24,288,8,96,22.9,32.52,0,1,A,Z,AZ
2016-04-24,SKU-041,WH-WI1,31,0,0,31,1.208,1.209,1.001,28,5.2,0.95,1.645,11,15,49,408,17,96,25.7,84.01,1,1,A,Z,AZ
2016-04-24,SKU-042,WH-CA1,4,0,0,4,0.164,0.454,2.762,21,3.8,0.95,1.645,4,4,8,120,3,48,24.3,17.2,1,1,B,Z,BZ
2016-04-24,SKU-042,WH-TX1,7,0,0,7,0.137,0.399,2.9158,21,3.8,0.95,1.645,4,4,7,120,2,48,51.1,30.1,1,1,B,Z,BZ
2016-04-24,SKU-042,WH-WI1,12,0,0,12,0.516,0.8,1.5486,21,3.8,0.95,1.645,7,7,18,216,8,48,23.2,51.6,1,1,B,Z,BZ
2016-04-24,SKU-043,WH-CA1,16,312,0,328,0.696,1.098,1.5775,28,5.2,0.95,1.645,10,12,32,312,10,96,23.0,41.92,0,1,B,Z,BZ
2016-04-24,SKU-043,WH-TX1,16,264,0,280,0.455,0.832,1.8301,28,5.2,0.95,1.645,8,9,22,264,7,96,35.2,41.92,0,0,B,Z,BZ
2016-04-24,SKU-043,WH-WI1,9,192,0,201,0.225,0.509,2.2674,28,5.2,0.95,1.645,5,5,12,192,4,96,40.1,23.58,0,0,B,Z,BZ
2016-04-24,SKU-044,WH-CA1,9,0,0,9,0.299,0.568,1.9008,21,3.8,0.95,1.645,5,5,12,156,5,48,30.1,39.69,1,1,B,Z,BZ
2016-04-24,SKU-044,WH-TX1,5,0,0,5,0.182,0.439,2.4119,21,3.8,0.95,1.645,4,4,8,132,3,48,27.4,22.05,1,1,B,Z,BZ
2016-04-24,SKU-044,WH-WI1,9,216,0,225,0.558,0.752,1.3485,21,3.8,0.95,1.645,6,7,19,216,8,48,16.1,39.69,0,1,B,Z,BZ
2016-04-24,SKU-045,WH-CA1,20,0,0,20,0.74,1.385,1.8724,28,5.2,0.95,1.645,13,14,35,480,11,96,27.0,20.8,1,1,C,Z,CZ
2016-04-24,SKU-045,WH-TX1,19,0,0,19,0.519,0.934,1.7994,28,5.2,0.95,1.645,9,10,25,456,8,96,36.6,19.76,1,1,C,Z,CZ
2016-04-24,SKU-045,WH-WI1,15,0,0,15,0.599,1.15,1.9204,28,5.2,0.95,1.645,11,12,29,480,9,96,25.1,15.6,1,1,C,Z,CZ
2016-04-24,SKU-046,WH-CA1,7,0,0,7,0.234,0.596,2.5443,21,3.8,0.95,1.645,5,5,10,312,4,96,29.9,5.74,1,1,C,Z,CZ
2016-04-24,SKU-046,WH-TX1,7,312,0,319,0.199,0.55,2.7669,21,3.8,0.95,1.645,5,5,10,312,3,96,35.2,5.74,0,0,C,Z,CZ
2016-04-24,SKU-046,WH-WI1,5,216,0,221,0.1,0.339,3.3884,21,3.8,0.95,1.645,3,3,6,216,2,96,50.0,4.1,0,0,C,Z,CZ
2016-04-24,SKU-047,WH-CA1,9,0,0,9,0.136,0.405,2.9864,28,5.2,0.95,1.645,4,4,8,144,2,96,66.4,19.08,0,0,C,Z,CZ
2016-04-24,SKU-047,WH-TX1,7,0,0,7,0.149,0.4,2.6799,28,5.2,0.95,1.645,4,4,9,192,3,96,46.9,14.84,1,1,C,Z,CZ
2016-04-24,SKU-047,WH-WI1,5,0,0,5,0.132,0.346,2.6326,28,5.2,0.95,1.645,4,4,8,168,2,96,38.0,10.6,1,1,C,Z,CZ
2016-04-24,SKU-048,WH-CA1,10,0,0,10,0.299,0.767,2.5685,21,3.8,0.95,1.645,6,7,14,432,5,96,33.5,5.4,1,1,C,Z,CZ
2016-04-24,SKU-048,WH-TX1,5,0,0,5,0.067,0.309,4.607,21,3.8,0.95,1.645,3,3,5,240,1,96,74.5,2.7,1,1,C,Z,CZ
2016-04-24,SKU-048,WH-WI1,11,0,0,11,0.286,0.795,2.778,21,3.8,0.95,1.645,6,7,14,456,5,96,38.4,5.94,1,1,C,Z,CZ
2016-04-24,SKU-049,WH-CA1,5,144,0,149,0.122,0.363,2.9788,28,5.2,0.95,1.645,4,4,8,144,2,96,41.0,12.55,0,0,C,Z,CZ
2016-04-24,SKU-049,WH-TX1,6,0,0,6,0.095,0.324,3.4267,28,5.2,0.95,1.645,3,3,6,144,2,96,63.5,15.06,1,1,C,Z,CZ
2016-04-24,SKU-049,WH-WI1,5,144,0,149,0.115,0.336,2.9206,28,5.2,0.95,1.645,3,4,8,144,2,96,43.5,12.55,0,0,C,Z,CZ
2016-04-24,SKU-050,WH-CA1,5,108,0,113,0.115,0.348,3.0251,21,3.8,0.95,1.645,3,3,6,108,2,48,43.5,17.65,0,0,C,Z,CZ
2016-04-24,SKU-050,WH-TX1,6,0,0,6,0.067,0.261,3.8904,21,3.8,0.95,1.645,2,3,5,96,1,48,89.4,21.18,0,0,C,Z,CZ
2016-04-24,SKU-050,WH-WI1,3,0,0,3,0.123,0.376,3.0474,21,3.8,0.95,1.645,3,3,6,120,2,48,24.3,10.59,1,1,C,Z,CZ
