Scenario,Demand_Multiplier,Lead_Time_Multiplier,Service_Level_Pct,Z_Score,Avg_Safety_Stock_Units,Avg_Reorder_Point_Units,Total_Working_Capital_USD,Annual_Holding_Cost_USD,Annual_Ordering_Cost_USD,Total_Annual_Policy_Cost_USD,High_Risk_Node_Count,High_Risk_Node_Pct,Cost_Variance_vs_Base_USD,Cost_Variance_Pct,Capital_Variance_vs_Base_USD
"Baseline (95% CSL, Nominal)",1.0,1.0,95.0,1.64,12.9,32.9,63959.42,14317.35,12807.18,27124.53,65,43.3,0.0,0.0,0.0
Demand Surge +10%,1.1,1.0,95.0,1.64,13.6,35.6,66793.22,14952.42,13492.75,28445.18,71,47.3,1320.65,4.9,2833.8
Demand Surge +20%,1.2,1.0,95.0,1.64,14.4,38.3,69797.83,15629.78,14086.74,29716.52,83,55.3,2591.99,9.6,5838.41
Demand Surge +30%,1.3,1.0,95.0,1.64,15.1,41.0,72746.12,16288.06,14650.93,30939.0,95,63.3,3814.47,14.1,8786.7
Lead Time Shock +20%,1.0,1.2,95.0,1.64,14.0,38.0,64273.78,14387.61,12807.18,27194.79,82,54.7,70.26,0.3,314.36
Lead Time Shock +50%,1.0,1.5,95.0,1.64,15.6,45.4,64654.8,14473.85,12807.18,27281.03,109,72.7,156.5,0.6,695.38
Service Level 90% (Lean),1.0,1.0,90.0,1.28,10.1,30.1,63236.64,14154.66,12807.18,26961.84,54,36.0,-162.69,-0.6,-722.78
Service Level 98% (High Availability),1.0,1.0,98.0,2.05,15.9,36.0,64750.33,14495.37,12807.18,27302.54,76,50.7,178.01,0.7,790.91
Service Level 99% (Near Zero Stockout),1.0,1.0,99.0,2.33,18.0,38.0,65283.12,14615.74,12807.18,27422.91,89,59.3,298.38,1.1,1323.7
Holding Cost Rate +25%,1.0,1.0,95.0,1.64,12.9,32.9,57700.94,16149.99,14279.3,30429.29,65,43.3,3304.76,12.2,-6258.48
Holding Cost Rate +50%,1.0,1.0,95.0,1.64,12.9,32.9,53007.56,17800.97,15634.41,33435.38,65,43.3,6310.85,23.3,-10951.86
Compound Crisis (Demand +20% & LT +50%),1.2,1.5,95.0,1.64,17.5,53.2,70605.66,15811.94,14086.74,29898.67,125,83.3,2774.14,10.2,6646.24
